Date,USD (PM),Return,MA5,MA10
9/23/16,1338.65,-0.000336046598462,1326.5,1322.165
9/26/16,1340.5,0.001381989317596,1331.63,1323.755
9/27/16,1327,-0.010070869078702,1334.27,1324.09
9/28/16,1322.5,-0.003391107761869,1333.55,1324.165
9/29/16,1318.1,-0.003327032136106,1329.35,1324.895
9/30/16,1322.5,0.003338138229269,1326.12,1326.31
10/3/16,1313.3,-0.00695652173913,1320.68,1326.155
10/4/16,1283.3,-0.02284321937105,1311.94,1323.105
10/5/16,1269.4,-0.010831450167537,1301.32,1317.435
10/6/16,1254.5,-0.011737828895541,1288.6,1308.975
10/7/16,1258.75,0.003387803905939,1275.85,1300.985
10/10/16,1259.5,0.000595829195631,1265.09,1292.885
10/11/16,1253.45,-0.004803493449782,1259.12,1285.53
10/12/16,1256.5,0.002433284135785,1256.54,1278.93
10/13/16,1261.05,0.003621169916435,1257.85,1273.225
10/14/16,1251.75,-0.007374806708695,1256.45,1266.15
10/17/16,1254.8,0.002436588775714,1255.51,1260.3
10/18/16,1258.2,0.002709595154606,1256.46,1257.79
10/19/16,1269.05,0.00862343029725,1258.97,1257.755
10/20/16,1271.65,0.002048776643946,1261.09,1259.47
10/21/16,1266.05,-0.004403727440727,1263.95,1260.2
10/24/16,1265.55,-0.000394929110225,1266.1,1260.805
10/25/16,1269.4,0.003042155584529,1268.34,1262.4
10/26/16,1270.5,0.000866551126516,1268.63,1263.8
10/27/16,1266.25,-0.003345139708776,1267.55,1264.32
10/28/16,1273,0.00533070088845,1268.94,1266.445
10/31/16,1272,-0.000785545954438,1270.23,1268.165
11/1/16,1288.45,0.012932389937107,1274.04,1271.19
11/2/16,1303.75,0.011874733206566,1280.69,1274.66
11/3/16,1301,-0.002109300095877,1287.64,1277.595
11/4/16,1302.8,0.001383551114527,1293.6,1281.27
11/7/16,1283.05,-0.015159656125269,1295.81,1283.02
11/8/16,1282.35,-0.000545574997077,1294.59,1284.315
11/9/16,1281.4,-0.000740827387219,1290.12,1285.405
11/10/16,1267.5,-0.010847510535352,1283.42,1285.53
11/11/16,1236.45,-0.024497041420118,1270.15,1281.875
11/14/16,1213.6,-0.018480326741882,1256.26,1276.035
11/15/16,1226.95,0.011000329597891,1245.18,1269.885
11/16/16,1229.2,0.001833815558906,1234.74,1262.43
11/17/16,1226.75,-0.001993166287016,1226.59,1255.005
11/18/16,1211,-0.01283880171184,1221.5,1245.825
11/21/16,1214.25,0.002683732452519,1221.63,1238.945
11/22/16,1212.25,-0.001647107267861,1218.69,1231.935
11/23/16,1185.35,-0.022190142297381,1209.92,1222.33
11/24/16,1186.1,0.000632724511748,1201.79,1214.19
11/25/16,1187.7,0.001348958772448,1197.13,1209.315
11/28/16,1187,-0.00058937442115,1191.68,1206.655
11/29/16,1186.55,-0.000379106992418,1186.54,1202.615
11/30/16,1178.1,-0.007121486663015,1185.09,1197.505
12/1/16,1161.85,-0.013793396146337,1180.24,1191.015
12/2/16,1173.5,0.010027111933555,1177.4,1187.265
12/5/16,1162.2,-0.009629314017895,1172.44,1182.06
12/6/16,1172.5,0.008862502151093,1169.63,1178.085
12/7/16,1177.65,0.004392324093817,1169.54,1177.315
12/8/16,1171.05,-0.005604381607439,1171.38,1175.81
12/9/16,1163.6,-0.006361812049016,1169.4,1173.4
12/12/16,1156.1,-0.00644551392231,1168.18,1170.31
12/13/16,1158.55,0.002119193841363,1165.39,1167.51
12/14/16,1162.25,0.003193647231453,1162.31,1165.925
12/15/16,1126.95,-0.030372123037212,1153.49,1162.435
12/16/16,1131.6,0.004126181285771,1147.09,1158.245
12/19/16,1136.25,0.004109225874868,1143.12,1155.65
12/20/16,1125.7,-0.009284928492849,1136.55,1150.97
12/21/16,1133.65,0.007062272363862,1130.83,1146.57
12/22/16,1131.35,-0.002028844881577,1131.71,1142.6
12/28/16,1134.6,0.002872674238741,1132.31,1139.7
12/29/16,1145.9,0.009959457077384,1134.24,1138.68
1/3/17,1151,0.004450650143992,1139.3,1137.925
1/4/17,1164.25,0.011511728931364,1145.42,1138.125
1/5/17,1176.7,0.010693579557655,1154.49,1143.1
1/6/17,1175.85,-0.000722359139968,1162.74,1147.525
1/9/17,1178.5,0.002253688820853,1169.26,1151.75
1/10/17,1189.5,0.009333899024183,1176.96,1158.13
1/11/17,1178.55,-0.009205548549811,1179.82,1162.62
1/12/17,1205.05,0.022485257307709,1185.49,1169.99
1/13/17,1190.35,-0.012198663955853,1188.39,1175.565
1/16/17,1203,0.010627126475407,1193.29,1181.275
1/17/17,1216.05,0.010847880299252,1198.6,1187.78
1/18/17,1214.75,-0.001069034990338,1205.84,1192.83
1/19/17,1196.05,-0.01539411401523,1204.04,1194.765
1/20/17,1200.55,0.003762384515698,1206.08,1197.235
1/23/17,1212.85,0.010245304235559,1208.05,1200.67
1/24/17,1216.8,0.003256791853898,1208.2,1203.4
1/25/17,1195,-0.017915844838922,1204.25,1205.045
1/26/17,1189.7,-0.004435146443515,1202.98,1203.51
1/27/17,1184.85,-0.004076657981004,1199.84,1202.96
1/30/17,1192.8,0.006709710089885,1195.83,1201.94
1/31/17,1212.8,0.016767270288397,1195.03,1201.615
2/1/17,1203.65,-0.007544525065963,1196.76,1200.505
2/2/17,1221.95,0.015203755244465,1203.21,1203.095
2/3/17,1215.2,-0.00552395760874,1209.28,1204.56
2/6/17,1226.75,0.009504608294931,1216.07,1205.95
2/7/17,1231,0.003464438557163,1219.71,1207.37
2/8/17,1242.1,0.009017059301381,1227.4,1212.08
2/9/17,1236.8,-0.004266967232912,1230.37,1216.79
2/10/17,1228.3,-0.006872574385511,1232.99,1221.135
2/13/17,1222.25,-0.004925506798014,1232.09,1224.08
2/14/17,1230.75,0.006954387400286,1232.04,1225.875
2/15/17,1224.4,-0.005159455616494,1228.5,1227.95
2/16/17,1240.55,0.013190133943156,1229.25,1229.81
2/17/17,1241.95,0.001128531699649,1231.98,1232.485
2/20/17,1237.3,-0.003744112081807,1234.99,1233.54
2/21/17,1233.2,-0.003313666855249,1235.48,1233.76
2/22/17,1236.65,0.002797599740513,1237.93,1233.215
2/23/17,1247.9,0.009097157643634,1239.4,1234.325
2/24/17,1253.65,0.004607741004888,1241.74,1236.86
2/27/17,1257.2,0.002831731344474,1245.72,1240.355
2/28/17,1255.6,-0.001272669424117,1250.2,1242.84
3/1/17,1240.4,-0.012105766167569,1250.95,1244.44
3/2/17,1238.1,-0.001854240567559,1248.99,1244.195
3/3/17,1226.5,-0.009369194733866,1243.56,1242.65
3/6/17,1230.95,0.003628210354668,1238.31,1242.015
3/7/17,1216.65,-0.0116170437467,1230.52,1240.36
3/8/17,1209.2,-0.006123371553035,1224.28,1237.615
3/9/17,1206.55,-0.002191531591135,1217.97,1233.48
3/10/17,1202.65,-0.003232356719572,1213.2,1228.38
3/13/17,1204.2,0.001288820521349,1207.85,1223.08
3/14/17,1204.6,0.000332170735758,1205.44,1217.98
3/15/17,1198.8,-0.004814876307488,1203.36,1213.82
3/16/17,1229.35,0.025483817150484,1207.92,1212.945
3/17/17,1229.6,0.000203359498922,1213.31,1213.255
3/20/17,1232.4,0.00227716330514,1218.95,1213.4
3/21/17,1241.6,0.007465108730931,1226.35,1215.895
3/22/17,1249.05,0.006000322164949,1236.4,1219.88
3/23/17,1247.5,-0.001240943116769,1240.03,1223.975
3/24/17,1247.5,0,1243.61,1228.46
3/27/17,1257.55,0.008056112224449,1248.64,1233.795
3/28/17,1257.25,-0.000238559103018,1251.77,1239.06
3/29/17,1251.1,-0.004891628554385,1252.18,1244.29
3/30/17,1248.8,-0.001838382223643,1252.44,1246.235
3/31/17,1244.85,-0.003163036515054,1251.91,1247.76
4/3/17,1247.25,0.001927943125678,1249.85,1249.245
4/4/17,1257.65,0.008338344357587,1249.93,1250.85
4/5/17,1245.8,-0.009422335307916,1248.87,1250.525
4/6/17,1252.5,0.005378070316263,1249.61,1251.025
4/7/17,1266.45,0.011137724550898,1253.93,1252.92
4/10/17,1250.05,-0.012949583481385,1254.49,1252.17
4/11/17,1252.9,0.002279908803648,1253.54,1251.735
4/12/17,1274.3,0.017080373533403,1259.24,1254.055
4/13/17,1284.15,0.007729733971592,1265.57,1257.59
4/18/17,1278.95,-0.004049371179379,1268.07,1261
4/19/17,1279.05,7.81891395285061E-05,1273.87,1264.18
4/20/17,1282.1,0.002384582307181,1279.71,1266.625
4/21/17,1281.85,-0.000194992590282,1281.22,1270.23
4/24/17,1269.4,-0.009712524866404,1278.27,1271.92
4/25/17,1267.8,-0.001260438002206,1276.04,1272.055
4/26/17,1261.85,-0.004693169269601,1272.6,1273.235
4/27/17,1262.8,0.000752862860086,1268.74,1274.225
4/28/17,1266.45,0.002890402280646,1265.66,1273.44
5/2/17,1255.45,-0.008685696237514,1262.87,1270.57
5/3/17,1250.3,-0.004102114779561,1259.37,1267.705
5/4/17,1228.45,-0.017475805806606,1252.69,1262.645
5/5/17,1228.05,-0.000325613578086,1245.74,1257.24
5/8/17,1229.8,0.001425023411099,1238.41,1252.035
5/9/17,1220.4,-0.007643519271426,1231.4,1247.135
5/10/17,1222.95,0.00208947885939,1225.93,1242.65
5/11/17,1223.15,0.000163538983605,1224.87,1238.78
5/12/17,1231.25,0.006622245840657,1225.51,1235.625
5/15/17,1233.3,0.001664974619289,1226.21,1232.31
5/16/17,1234.2,0.000729749452688,1228.97,1230.185
5/17/17,1257.4,0.018797601685302,1235.86,1230.895
5/18/17,1255.9,-0.001192937808176,1242.41,1233.64
5/19/17,1252,-0.003105342782069,1246.56,1236.035
5/22/17,1258.85,0.00547124600639,1251.67,1238.94
5/23/17,1260.2,0.00107240735592,1256.87,1242.92
5/24/17,1252.55,-0.006070465005555,1255.9,1245.88
5/25/17,1256.95,0.003512833819009,1256.11,1249.26
5/26/17,1265.05,0.006444170412506,1258.72,1252.64
5/30/17,1262.7,-0.001857634085609,1259.49,1255.58
5/31/17,1266.2,0.002771838124654,1260.69,1258.78
6/1/17,1264.85,-0.001066182277681,1263.15,1259.525
6/2/17,1274.95,0.00798513657746,1266.75,1261.43
6/5/17,1279.95,0.003921722420487,1269.73,1264.225
6/6/17,1293.5,0.010586351029337,1275.89,1267.69
6/7/17,1291,-0.001932740626208,1280.85,1270.77
6/8/17,1273.1,-0.013865220759102,1282.5,1272.825
6/9/17,1266.55,-0.005144921844317,1280.82,1273.785
6/12/17,1266.4,-0.000118431960838,1278.11,1273.92
6/13/17,1262,-0.003474415666456,1271.81,1273.85
6/14/17,1275.5,0.010697305863708,1268.71,1274.78
6/15/17,1254.55,-0.016424931399451,1265,1273.75
6/16/17,1255.4,0.000677533777052,1262.77,1271.795
6/19/17,1248.15,-0.005775051776326,1259.12,1268.615
6/20/17,1242.2,-0.004767055241758,1255.16,1263.485
6/21/17,1242.5,0.000241507003703,1248.56,1258.635
6/22/17,1250.8,0.006680080482897,1247.81,1256.405
6/23/17,1255.7,0.003917492804605,1247.87,1255.32
6/26/17,1245.25,-0.008322051445409,1247.29,1253.205
6/27/17,1249.55,0.00345312186308,1248.76,1251.96
6/28/17,1248,-0.001240446560762,1249.86,1249.21
6/29/17,1243.5,-0.003605769230769,1248.4,1248.105
6/30/17,1242.25,-0.001005227181343,1245.71,1246.79
7/3/17,1229.25,-0.010464882270075,1242.51,1244.9
7/4/17,1223.75,-0.004474272930649,1237.35,1243.055
7/5/17,1220.3,-0.002819203268641,1231.81,1240.835
7/6/17,1224.9,0.0037695648611,1228.09,1238.245
7/7/17,1215.65,-0.007551636868316,1222.77,1234.24
7/10/17,1211.9,-0.003084769464895,1219.3,1230.905
7/11/17,1211.05,-0.000701378001485,1216.76,1227.055
7/12/17,1218.8,0.006399405474588,1216.46,1224.135
7/13/17,1218.9,8.20479159830967E-05,1215.26,1221.675
7/14/17,1230.3,0.009352695052916,1218.19,1220.48
7/17/17,1234.1,0.003088677558319,1222.63,1220.965
7/18/17,1240.75,0.005388542257516,1228.57,1222.665
7/19/17,1242.15,0.001128349788434,1233.24,1224.85
7/20/17,1238.7,-0.002777442337882,1237.2,1226.23
7/21/17,1248.55,0.007951885040769,1240.85,1229.52
7/24/17,1255.55,0.005606503544111,1245.14,1233.885
7/25/17,1254.4,-0.000915933256342,1247.87,1238.22
7/26/17,1248.1,-0.005022321428572,1249.06,1241.15
7/27/17,1261.1,0.010415832064739,1253.54,1245.37
7/28/17,1264.9,0.003013242407422,1256.81,1248.83
7/31/17,1267.55,0.002095027274883,1259.21,1252.175
8/1/17,1270.95,0.002682339947142,1262.52,1255.195
8/2/17,1269.6,-0.001062197568748,1266.82,1257.94
8/3/17,1268.1,-0.001181474480151,1268.22,1260.88
8/4/17,1257.7,-0.008201245958521,1266.78,1261.795
8/7/17,1258,0.000238530651189,1264.87,1262.04
8/8/17,1261.8,0.00302066772655,1263.04,1262.78
8/9/17,1271.05,0.007330797273736,1263.33,1265.075
8/10/17,1284.4,0.010503127335668,1266.59,1267.405
8/11/17,1286.1,0.001323575210215,1272.27,1269.525
8/14/17,1282.3,-0.002954669154809,1277.13,1271
8/15/17,1270.3,-0.009358184512205,1278.83,1270.935
8/16/17,1272.75,0.001928678264977,1279.17,1271.25
8/17/17,1285.15,0.009742683166372,1279.32,1272.955
8/18/17,1295.8,0.008286970392561,1281.26,1276.765
8/21/17,1292.9,-0.00223799969131,1283.38,1280.255
8/22/17,1284.2,-0.006729058705236,1286.16,1282.495
8/23/17,1286.65,0.001907802522972,1288.94,1284.055
8/24/17,1289,0.001826448529126,1289.71,1284.515
8/25/17,1285.3,-0.002870442203258,1287.61,1284.435
8/29/17,1318.65,0.025947249669338,1292.76,1288.07
8/30/17,1308.5,-0.007697266143404,1297.62,1291.89
8/31/17,1311.75,0.002483760030569,1302.64,1295.79
9/1/17,1320.4,0.006594244330093,1308.92,1299.315
9/4/17,1333.1,0.00961829748561,1318.48,1303.045
9/5/17,1335.55,0.001837821618783,1321.86,1307.31
9/6/17,1337.85,0.001722136947325,1327.73,1312.675
9/7/17,1343.5,0.00422319393056,1334.08,1318.36
9/8/17,1346.25,0.002046892445106,1339.25,1324.085
9/11/17,1334.2,-0.008950789229341,1339.47,1328.975
9/12/17,1326.5,-0.005771248688353,1337.66,1329.76
9/13/17,1327.55,0.000791556728232,1335.6,1331.665
9/14/17,1324.55,-0.002259801890701,1331.81,1332.945
9/15/17,1322.85,-0.00128345475822,1327.13,1333.19
9/18/17,1312.1,-0.008126393771025,1322.71,1331.09
9/19/17,1309.6,-0.001905342580596,1319.33,1328.495
9/20/17,1311.3,0.001298106291998,1316.08,1325.84
9/21/17,1292.1,-0.014641958361931,1309.59,1320.7
9/22/17,1294.8,0.00208962154632,1303.98,1315.555
9/25/17,1293.3,-0.001158480074143,1300.22,1311.465
9/26/17,1300.05,0.005219206680585,1298.31,1308.82
9/27/17,1282.55,-0.013461020729972,1292.56,1304.32
9/28/17,1283.35,0.000623757358388,1290.81,1300.2
9/29/17,1283.1,-0.0001948026649,1288.47,1296.225
10/2/17,1273.7,-0.007326007326007,1284.55,1292.385
10/3/17,1271.25,-0.001923529873597,1278.79,1288.55
10/4/17,1274.25,0.0023598820059,1277.13,1284.845
10/5/17,1274.5,0.000196193839513,1275.36,1283.085
10/6/17,1261.8,-0.009964692036093,1271.1,1279.785
10/9/17,1278.75,0.013433190679981,1272.11,1278.33
10/10/17,1291.4,0.00989247311828,1276.14,1277.465
10/11/17,1289.25,-0.001664859842032,1279.14,1278.135
10/12/17,1290.25,0.000775644754702,1282.29,1278.825
10/13/17,1299.6,0.007246657624491,1289.85,1280.475
10/16/17,1303.3,0.00284702985534,1294.76,1283.435
10/17/17,1284.75,-0.014233100590808,1293.43,1284.785
10/18/17,1280.2,-0.003541545047675,1291.62,1285.38
10/19/17,1286.4,0.0048429932823,1290.85,1286.57
10/20/17,1281.2,-0.004042288557214,1287.17,1288.51
10/23/17,1274.9,-0.004917265064002,1281.49,1288.125
10/24/17,1276.45,0.001215781629932,1279.83,1286.63
10/25/17,1275,-0.001135963022445,1278.79,1285.205
10/26/17,1273.75,-0.000980392156863,1276.26,1283.555
10/27/17,1266.45,-0.005731108930324,1273.31,1280.24
10/30/17,1272,0.0043823285562,1272.73,1277.11
10/31/17,1270.15,-0.001454402515723,1271.47,1275.65
11/1/17,1277.05,0.005432429240641,1271.88,1275.335
11/2/17,1279.2,0.001683567597197,1272.97,1274.615
11/3/17,1267.2,-0.0093808630394,1273.12,1273.215
11/6/17,1270.9,0.002919823232323,1272.9,1272.815
11/7/17,1275.6,0.003698166653553,1273.99,1272.73
11/8/17,1284,0.006585136406397,1275.38,1273.63
11/9/17,1284.8,0.000623052959501,1276.5,1274.735
11/10/17,1284.3,-0.000389165628892,1279.92,1276.52
11/13/17,1277.95,-0.004944327649303,1281.33,1277.115
11/14/17,1274.6,-0.002621385813217,1281.13,1277.56
11/15/17,1282.2,0.005962654950573,1280.77,1278.075
11/16/17,1280,-0.001715800967088,1279.81,1278.155
11/17/17,1284.35,0.0033984375,1279.82,1279.87
11/20/17,1286.2,0.001440417331724,1281.47,1281.4
11/21/17,1283.3,-0.002254703778573,1283.21,1282.17
11/22/17,1286.95,0.002844229720252,1284.16,1282.465
11/23/17,1290.35,0.002641905279925,1286.23,1283.02
11/24/17,1290.5,0.00011624752974,1287.46,1283.64
11/27/17,1294.9,0.003409531189462,1289.2,1285.335
11/28/17,1291.85,-0.002355394238938,1290.91,1287.06
11/29/17,1283.85,-0.006192669427565,1290.29,1287.225
11/30/17,1280.2,-0.002843011255209,1288.26,1287.245
12/1/17,1275.5,-0.003671301359163,1285.26,1286.36
12/4/17,1273.45,-0.001607212857703,1280.97,1285.085
12/5/17,1266.3,-0.005614668813067,1275.86,1283.385
12/6/17,1263.7,-0.002053225933823,1271.83,1281.06
12/7/17,1255,-0.006884545382607,1266.79,1277.525
12/8/17,1250.65,-0.003466135458167,1261.82,1273.54
12/11/17,1247.15,-0.002798544756726,1256.56,1268.765
12/12/17,1240.9,-0.005011426051397,1251.48,1263.67
12/13/17,1242.65,0.001410266741881,1247.27,1259.55
12/14/17,1251,0.006719510723052,1246.47,1256.63
12/15/17,1254.6,0.002877697841727,1247.26,1254.54
12/18/17,1260.6,0.004782400765184,1249.95,1253.255
12/19/17,1260.35,-0.000198318261145,1253.84,1252.66
12/20/17,1264.55,0.003332407664538,1258.22,1252.745
12/21/17,1264.55,0,1260.93,1253.7
12/27/17,1279.4,0.01174330789609,1265.89,1256.575
12/28/17,1291,0.009066750039081,1271.97,1260.96
1/2/18,1312.05,0.016305189775368,1282.31,1268.075
1/3/18,1314.9,0.002172173316566,1292.38,1275.3
1/4/18,1314.5,-0.000304205643015,1302.37,1281.65
1/5/18,1317.15,0.002015975656143,1309.92,1287.905
1/8/18,1319.95,0.002125801920814,1315.71,1293.84
1/9/18,1311,-0.006780559869692,1315.5,1298.905
1/10/18,1319.75,0.006674294431732,1316.47,1304.425
1/11/18,1323.05,0.002500473574541,1318.18,1310.275
1/12/18,1326.8,0.002834360001512,1320.11,1315.015
1/15/18,1339.25,0.009383479047332,1323.97,1319.84
1/16/18,1333.85,-0.004032107522867,1328.54,1322.02
1/17/18,1335.65,0.001349477077633,1331.72,1324.095
1/18/18,1332.2,-0.002583012016621,1333.55,1325.865
1/19/18,1334.95,0.002064254616424,1335.18,1327.645
1/22/18,1332.6,-0.001760365556763,1333.85,1328.91
1/23/18,1333.4,0.0006003301816,1333.76,1331.15
1/24/18,1353.7,0.015224238788061,1337.37,1334.545
1/25/18,1354.95,0.000923395139248,1341.92,1337.735
1/26/18,1353.15,-0.001328462304882,1345.56,1340.37
1/29/18,1343.85,-0.006872852233677,1347.81,1340.83
1/30/18,1344.9,0.000781337202813,1350.11,1341.935
1/31/18,1345.05,0.000111532455945,1348.38,1342.875
2/1/18,1341.35,-0.002750827106799,1345.66,1343.79
2/2/18,1331.15,-0.007604279270884,1341.26,1343.41
2/5/18,1333.6,0.001840513841415,1339.21,1343.51
2/6/18,1331.4,-0.001649670065987,1336.51,1343.31
2/7/18,1324.65,-0.005069851284362,1332.43,1340.405
2/8/18,1315.45,-0.006945230815687,1327.25,1336.455
2/9/18,1314.1,-0.001026264776312,1323.84,1332.55
2/12/18,1322.3,0.006240012175634,1321.58,1330.395
2/13/18,1325.35,0.002306587007487,1320.37,1328.44
2/14/18,1336.25,0.008224242652884,1322.69,1327.56
2/15/18,1352.45,0.012123479887746,1330.09,1328.67
2/16/18,1352.1,-0.000258789604052,1337.69,1330.765
2/19/18,1346.6,-0.004067746468456,1342.55,1332.065
2/20/18,1339.85,-0.005012624387346,1345.45,1332.91
2/21/18,1330.5,-0.006978393103706,1344.3,1333.495
2/22/18,1328.35,-0.001615933859451,1339.48,1334.785
2/23/18,1327.95,-0.000301125456393,1334.65,1336.17
2/26/18,1333.5,0.004179374223427,1332.03,1337.29
2/27/18,1325.75,-0.005811773528309,1329.21,1337.33
2/28/18,1317.85,-0.005958891193664,1326.68,1335.49
3/1/18,1307.75,-0.007663998178852,1322.56,1331.02
3/2/18,1322.3,0.011125979736188,1321.43,1328.04
3/5/18,1320.4,-0.001436890266959,1318.81,1325.42
3/6/18,1331.4,0.008330808845804,1319.94,1324.575
3/7/18,1329.4,-0.00150217815833,1322.25,1324.465
3/8/18,1321,-0.006318639987965,1324.9,1323.73
3/9/18,1320.6,-0.000302800908403,1324.56,1322.995
3/12/18,1319.15,-0.001097985764047,1324.31,1321.56
3/13/18,1322.75,0.002729030057234,1322.58,1321.26
3/14/18,1323.55,0.000604800604801,1321.41,1321.83
3/15/18,1318.75,-0.003626610252729,1320.96,1322.93
3/16/18,1310.1,-0.006559241706161,1318.86,1321.71
3/19/18,1312.4,0.001755591176246,1317.51,1320.91
3/20/18,1311,-0.0010667479427,1315.16,1318.87
3/21/18,1321.35,0.007894736842105,1314.72,1318.065
3/22/18,1329.15,0.005903053695085,1316.8,1318.88
3/23/18,1346.6,0.013128691268856,1324.1,1321.48
3/26/18,1352.4,0.004307143918016,1332.1,1324.805
3/27/18,1341.45,-0.008096716947649,1338.19,1326.675
3/28/18,1332.45,-0.006709158000671,1340.41,1327.565
3/29/18,1323.85,-0.006454275957822,1339.35,1328.075
4/3/18,1333.45,0.007251576840277,1336.72,1330.41
4/4/18,1337.3,0.002887247365855,1333.7,1332.9
4/5/18,1327.7,-0.007178643535482,1330.95,1334.57
4/6/18,1331.2,0.002636137681705,1330.7,1335.555
4/9/18,1331.95,0.000563401442308,1332.32,1335.835
4/10/18,1338.95,0.005255452532002,1333.42,1335.07
4/11/18,1350.75,0.008812875760857,1336.11,1334.905
4/12/18,1341.35,-0.006959096798075,1338.84,1334.895
4/13/18,1343.7,0.001751966302606,1341.34,1336.02
4/16/18,1349.35,0.004204807620749,1344.82,1338.57
4/17/18,1342.1,-0.005372957349835,1345.45,1339.435
4/18/18,1351.45,0.006966693987035,1345.59,1340.85
4/19/18,1348.6,-0.002108846054238,1347.04,1342.94
4/20/18,1336.75,-0.00878689010826,1345.65,1343.495
4/23/18,1324.3,-0.009313633813353,1340.64,1342.73
4/24/18,1328.85,0.00343577739183,1337.99,1341.72
4/25/18,1321.65,-0.005418218760582,1332.03,1338.81
4/26/18,1320.7,-0.000718798471607,1326.45,1336.745
4/27/18,1321.5,0.000605739380631,1323.4,1334.525
4/30/18,1313.2,-0.006280741581536,1321.18,1330.91
5/1/18,1307.1,-0.004645141638745,1316.83,1327.41
5/2/18,1304.2,-0.00221865197766,1313.34,1322.685
5/3/18,1315.05,0.008319276184634,1312.21,1319.33
5/4/18,1309.4,-0.004296414584997,1309.79,1316.595
5/8/18,1306.6,-0.002138383992669,1308.47,1314.825
5/9/18,1313.85,0.005548752487372,1309.82,1313.325
5/10/18,1318.8,0.003767553373673,1312.74,1313.04
5/11/18,1324.35,0.004208371246588,1314.6,1313.405
5/14/18,1319.85,-0.00339789330615,1316.69,1313.24
5/15/18,1295,-0.01882789710952,1314.37,1311.42
5/16/18,1291.25,-0.002895752895753,1309.85,1309.835
5/17/18,1289.5,-0.00135527589545,1303.99,1308.365
5/18/18,1288.3,-0.000930593253199,1296.78,1305.69
5/21/18,1288.35,3.88108359854478E-05,1290.48,1303.585
5/22/18,1293.05,0.00364807699771,1290.09,1302.23
5/23/18,1289,-0.003132129461351,1289.64,1299.745
5/24/18,1304.85,0.012296353762607,1292.71,1298.35
5/25/18,1303.5,-0.001034601678354,1295.75,1296.265
5/29/18,1295.5,-0.006137322593019,1297.18,1293.83
5/30/18,1300.7,0.004013894249325,1298.71,1294.4
5/31/18,1305.35,0.003574998077958,1301.98,1295.81
6/1/18,1294.6,-0.008235339181063,1299.93,1296.32
6/4/18,1295.45,0.000656573458984,1298.32,1297.035
6/5/18,1292.05,-0.002624570612529,1297.63,1297.405
6/6/18,1300.1,0.006230409039898,1297.51,1298.11
6/7/18,1297.25,-0.002192139066226,1295.89,1298.935
6/8/18,1298.25,0.000770861437656,1296.62,1298.275
6/11/18,1299.6,0.00103986135182,1297.45,1297.885
6/12/18,1298.65,-0.000730994152047,1298.77,1298.2
6/13/18,1296.15,-0.001925076040504,1297.98,1297.745
6/14/18,1302.75,0.005092003240366,1299.08,1297.485
6/15/18,1285.25,-0.013433122241412,1296.48,1296.55
6/18/18,1281.55,-0.00287881735071,1292.87,1295.16
6/19/18,1276.15,-0.004213647536187,1288.37,1293.57
6/20/18,1274.2,-0.001528033538377,1283.98,1290.98
6/21/18,1266.15,-0.006317689530686,1276.66,1287.87
6/22/18,1269.15,0.002369387513328,1273.44,1284.96
6/25/18,1268.7,-0.000354568017965,1270.87,1281.87
6/26/18,1260.3,-0.006620950579333,1267.7,1278.035
6/27/18,1254.6,-0.004522732682695,1263.78,1273.88
6/28/18,1251.55,-0.002431053722302,1260.86,1268.76
6/29/18,1250.45,-0.000878910151412,1257.12,1265.28
7/2/18,1247.8,-0.002119237074653,1252.94,1261.905
7/3/18,1251.75,0.003165571405674,1251.23,1259.465
7/4/18,1255.65,0.003115638106651,1251.44,1257.61
7/5/18,1255.5,-0.000119460040616,1252.23,1256.545
7/6/18,1255.35,-0.000119474313023,1253.21,1255.165
7/9/18,1262.05,0.005337156968176,1256.06,1254.5
7/10/18,1254,-0.00637851115249,1256.51,1253.87
7/11/18,1251.4,-0.00207336523126,1255.66,1253.55
7/12/18,1245.9,-0.004395077513185,1253.74,1252.985
7/13/18,1241.7,-0.00337105706718,1251.01,1252.11
7/16/18,1241.1,-0.00048320850447,1246.82,1251.44
7/17/18,1232.8,-0.006687615824672,1242.58,1249.545
7/18/18,1224.5,-0.006732641142115,1237.2,1246.43
7/19/18,1217.55,-0.005675786035116,1231.53,1242.635
7/20/18,1228.75,0.009198800870601,1228.94,1239.975
7/23/18,1224.95,-0.003092573753815,1225.71,1236.265
7/24/18,1228.35,0.002775623494836,1224.82,1233.7
7/25/18,1231.5,0.00256441567957,1226.22,1231.71
7/26/18,1228.25,-0.002639058059277,1228.36,1229.945
7/27/18,1223.95,-0.003500915937309,1227.4,1228.17
7/30/18,1223.8,-0.0001225540259,1227.17,1226.44
7/31/18,1220.95,-0.002328811897369,1225.69,1225.255
8/1/18,1219,-0.001597116999058,1223.19,1224.705
8/2/18,1215.45,-0.002912223133716,1220.63,1224.495
8/3/18,1216.3,0.000699329466453,1219.1,1223.25
8/6/18,1209.65,-0.005467401134588,1216.27,1221.72
8/7/18,1212.35,0.002232050593147,1214.55,1220.12
8/8/18,1209.55,-0.002309564069782,1212.66,1217.925
8/9/18,1214.35,0.003968418006697,1212.44,1216.535
8/10/18,1214.4,4.11742907728829E-05,1212.06,1215.58
8/13/18,1200.35,-0.011569499341239,1210.2,1213.235
8/14/18,1197,-0.002790852667972,1207.13,1210.84
8/15/18,1182,-0.012531328320802,1201.62,1207.14
8/16/18,1180.4,-0.001353637901861,1194.83,1203.635
8/17/18,1178.4,-0.001694340901389,1187.63,1199.845
8/20/18,1184.35,0.00504921928038,1184.43,1197.315
8/21/18,1190.95,0.005572676995821,1183.22,1195.175
8/22/18,1196.65,0.004786095134137,1186.15,1193.885
8/23/18,1192.35,-0.003593364810095,1188.54,1191.685
8/24/18,1197.7,0.00448693756028,1192.4,1190.015
8/28/18,1212.25,0.012148284211405,1197.98,1191.205
8/29/18,1204.2,-0.006640544442153,1200.63,1191.925
8/30/18,1197.3,-0.005729945191829,1200.76,1193.455
8/31/18,1202.45,0.004301344692224,1202.78,1195.66
9/3/18,1200.05,-0.001995924986486,1203.25,1197.825
9/4/18,1190.85,-0.007666347235532,1198.97,1198.475
9/5/18,1196.7,0.004912457488349,1197.47,1199.05
9/6/18,1205.15,0.007061084649453,1199.04,1199.9
9/7/18,1198.9,-0.005186076422022,1198.33,1200.555
9/10/18,1196.6,-0.001918425223121,1197.64,1200.445
9/11/18,1189.85,-0.005640982784556,1197.44,1198.205
9/12/18,1195.6,0.004832541917048,1197.22,1197.345
9/13/18,1209.8,0.011876881900301,1198.15,1198.595
9/14/18,1201.95,-0.006488675814184,1198.76,1198.545
9/17/18,1201.9,-4.15990681807976E-05,1199.82,1198.73
9/18/18,1200.2,-0.001414427157001,1201.89,1199.665
9/19/18,1203.3,0.002582902849525,1203.43,1200.325
9/20/18,1208.35,0.004196792154907,1203.14,1200.645
9/21/18,1198.7,-0.007986096743493,1202.49,1200.625
9/24/18,1202.75,0.003378660215233,1202.66,1201.24
9/25/18,1201.9,-0.000706713780919,1203,1202.445
9/26/18,1194.25,-0.006364922206506,1201.19,1202.31
9/27/18,1185.4,-0.007410508687461,1196.6,1199.87
9/28/18,1187.25,0.001560654631348,1194.31,1198.4
10/1/18,1189.35,0.001768793430196,1191.63,1197.145
10/2/18,1204.7,0.012906209273973,1192.19,1197.595
10/3/18,1201.2,-0.002905287623475,1193.58,1197.385
10/4/18,1203.45,0.001873126873127,1197.19,1196.895
10/5/18,1203.8,0.000290830528896,1200.5,1197.405
10/8/18,1186.95,-0.013997341751121,1200.02,1195.825
10/9/18,1185.55,-0.001179493660222,1196.19,1194.19
10/10/18,1188.6,0.002572645607524,1193.67,1193.625
10/11/18,1205.55,0.014260474507824,1194.09,1195.64
10/12/18,1219.75,0.011778856123761,1197.28,1198.89
10/15/18,1229.95,0.008362369337979,1205.88,1202.95
10/16/18,1230.7,0.000609780885402,1214.91,1205.55
10/17/18,1229.05,-0.001340700414398,1223,1208.335
10/18/18,1223,-0.00492250111875,1226.49,1210.29
10/19/18,1227.85,0.003965658217498,1228.11,1212.695
10/22/18,1222.3,-0.004520096102944,1226.58,1216.23
10/23/18,1235.95,0.011167471160926,1227.63,1221.27
10/24/18,1230.55,-0.004369108782718,1227.93,1225.465
10/25/18,1230.8,0.000203161188087,1229.49,1227.99
10/26/18,1233.85,0.002478063048424,1230.69,1229.4
10/29/18,1230.8,-0.002471937431616,1232.39,1229.485
10/30/18,1225.4,-0.004387390315242,1230.28,1228.955
10/31/18,1214.95,-0.008527827648115,1227.16,1227.545
11/1/18,1231.15,0.013333882052759,1227.23,1228.36
11/2/18,1232.1,0.000771636275027,1226.88,1228.785
11/5/18,1232.25,0.000121743364987,1227.17,1229.78
11/6/18,1231.6,-0.000527490363157,1228.41,1229.345
11/7/18,1229.95,-0.001339720688535,1231.41,1229.285
11/8/18,1224.15,-0.004715638847108,1230.01,1228.62
11/9/18,1211.4,-0.0104153902708,1225.87,1226.375
11/12/18,1205.55,-0.00482912332838,1220.53,1223.85
11/13/18,1202.1,-0.002861764339928,1214.63,1221.52
11/14/18,1203.25,0.000956659179769,1209.29,1220.35
11/15/18,1211.85,0.007147309370455,1206.83,1218.42
11/16/18,1222.4,0.008705697899905,1209.03,1217.45
11/19/18,1221.6,-0.00065445026178,1212.24,1216.385
11/20/18,1223,0.001146037982973,1216.42,1215.525
11/21/18,1226.1,0.002534750613246,1220.99,1215.14
11/22/18,1227.05,0.000774814452329,1224.03,1215.43
11/23/18,1223.65,-0.00277087323255,1224.28,1216.655
11/26/18,1223.4,-0.000204306787072,1224.64,1218.44
11/27/18,1221.2,-0.001798267124407,1224.28,1220.35
11/28/18,1213.25,-0.0065099901736,1221.71,1221.35
11/29/18,1226.25,0.010715021636101,1221.55,1222.79
11/30/18,1217.55,-0.007094801223242,1220.33,1222.305
12/3/18,1230.3,0.010471849205372,1221.71,1223.175
12/4/18,1240.3,0.008128098837682,1225.53,1224.905
12/5/18,1235.9,-0.003547528823672,1230.06,1225.885
12/6/18,1242.55,0.005380694230925,1233.32,1227.435
12/7/18,1243.3,0.000603597440747,1238.47,1229.4
12/10/18,1245.35,0.00164883777045,1241.48,1231.595
12/11/18,1245.3,-4.01493556028143E-05,1242.48,1234.005
12/12/18,1245.75,0.000361358708745,1244.45,1237.255
12/13/18,1242.75,-0.002408187838651,1244.49,1238.905
12/14/18,1235.35,-0.005954536310602,1242.9,1240.685
12/17/18,1241.65,0.005099769296151,1242.16,1241.82
12/18/18,1246.3,0.003745016711634,1242.36,1242.42
12/19/18,1255,0.006980662761775,1244.21,1244.33
12/20/18,1259.75,0.003784860557769,1247.61,1246.05
12/21/18,1258.15,-0.001270093272475,1252.17,1247.535
12/27/18,1268,0.007828955212018,1257.44,1249.8
12/28/18,1279,0.008675078864353,1263.98,1253.17
1/2/19,1282.9,0.003049257232213,1269.56,1256.885
1/3/19,1290.45,0.005885104061111,1275.7,1261.655
1/4/19,1279.9,-0.008175442675036,1280.05,1266.11
1/7/19,1292.2,0.009610125791077,1284.89,1271.165
1/8/19,1286.45,-0.004449775576536,1286.38,1275.18
1/9/19,1288.6,0.001671265886742,1287.52,1278.54
1/10/19,1291.9,0.002560918826634,1287.81,1281.755
1/11/19,1288.95,-0.002283458472018,1289.62,1284.835
1/14/19,1292.75,0.002948136079755,1289.73,1287.31
1/15/19,1294.4,0.001276348868691,1291.32,1288.85
1/16/19,1292.3,-0.001622373300371,1292.06,1289.79
1/17/19,1290.7,-0.001238102607754,1291.82,1289.815
1/18/19,1284.2,-0.005036026962114,1290.87,1290.245
1/21/19,1279.55,-0.003620931319109,1288.23,1288.98
1/22/19,1282.1,0.001992888124731,1285.77,1288.545
1/23/19,1279.8,-0.00179393183059,1283.27,1287.665
1/24/19,1283.7,0.003047351148617,1281.87,1286.845
1/25/19,1293.9,0.007945781724702,1283.81,1287.34
1/28/19,1302.15,0.006376072339439,1288.33,1288.28
1/29/19,1307.55,0.004146987674231,1293.42,1289.595
1/30/19,1310.7,0.00240908569462,1299.6,1291.435
1/31/19,1323.25,0.009575036240177,1307.51,1294.69
2/1/19,1318.7,-0.003438503684111,1312.47,1298.14
2/4/19,1312.15,-0.004967012967316,1314.47,1301.4
2/5/19,1314.2,0.00156232138094,1315.8,1304.61
2/6/19,1312.4,-0.001369654542688,1316.14,1307.87
2/7/19,1310,-0.001828710758915,1313.49,1310.5
2/8/19,1314.85,0.003702290076336,1312.72,1312.595
2/11/19,1306.4,-0.006426588584249,1311.57,1313.02
2/12/19,1310,0.00275566442131,1310.73,1313.265
2/13/19,1312.8,0.002137404580153,1310.81,1313.475
2/14/19,1311.45,-0.001028336380256,1311.1,1312.295
2/15/19,1316.55,0.003888825345991,1311.44,1312.08
2/18/19,1325.5,0.006798070715127,1315.26,1313.415
2/19/19,1334.15,0.006525839305922,1320.09,1315.41
2/20/19,1343.75,0.007195592699472,1326.28,1318.545
2/21/19,1331.25,-0.009302325581395,1330.24,1320.67
2/22/19,1329.05,-0.001652582159625,1332.74,1322.09
2/25/19,1331.05,0.001504834280125,1333.85,1324.555
2/26/19,1325.05,-0.004507719469592,1332.03,1326.06
2/27/19,1322.85,-0.001660314705106,1327.85,1327.065
2/28/19,1319.15,-0.002796991344446,1325.43,1327.835
3/1/19,1311.95,-0.005458060114468,1322.01,1327.375
3/4/19,1285.4,-0.02023705171691,1312.88,1323.365
3/5/19,1283.8,-0.001244748716353,1304.63,1318.33
3/6/19,1285.85,0.001596821934881,1297.23,1312.54
3/7/19,1285.3,-0.000427732628222,1290.46,1307.945
3/8/19,1296.75,0.008908426048393,1287.42,1304.715
3/11/19,1292.75,-0.003084634663582,1288.89,1300.885
3/12/19,1297.05,0.003326242506285,1291.54,1298.085
3/13/19,1306.95,0.007632704984388,1295.76,1296.495
3/14/19,1295.55,-0.00872259841616,1297.81,1294.135
3/15/19,1303.5,0.006136389950214,1299.16,1293.29
3/18/19,1305.6,0.001611047180667,1301.73,1295.31
3/19/19,1307.7,0.001608455882353,1303.86,1297.7
3/20/19,1303.7,-0.003058805536438,1303.21,1299.485
3/21/19,1309.6,0.004525581038582,1306.02,1301.915
3/22/19,1311.3,0.001298106291998,1307.58,1303.37
3/25/19,1319.55,0.006291466483642,1310.37,1306.05
3/26/19,1316.3,-0.002462960857868,1312.09,1307.975
3/27/19,1309.7,-0.005014054546836,1313.29,1308.25
3/28/19,1295.15,-0.011109414369703,1310.4,1308.21
3/29/19,1295.4,0.000193027834614,1307.22,1307.4
4/1/19,1293.5,-0.001466728423653,1302.01,1306.19
4/2/19,1290.3,-0.002473908001546,1296.81,1304.45
4/3/19,1290.45,0.000116252034411,1292.96,1303.125
4/4/19,1283.15,-0.005656941377039,1290.56,1300.48
4/5/19,1288.45,0.004130460195612,1289.17,1298.195
4/8/19,1300,0.008964259381427,1290.47,1296.24
4/9/19,1303,0.002307692307692,1293.01,1294.91
4/10/19,1305.45,0.001880276285495,1296.01,1294.485
4/11/19,1298.8,-0.005094028878931,1299.14,1294.85
4/12/19,1294.3,-0.003464736680012,1300.31,1294.74
4/15/19,1285.65,-0.006683149192614,1297.44,1293.955
4/16/19,1276.35,-0.007233695018084,1292.11,1292.56
4/17/19,1275.85,-0.000391742077017,1286.19,1291.1
4/18/19,1275.7,-0.000117568679704,1281.57,1290.355
4/23/19,1269.5,-0.004860076820569,1276.61,1288.46
4/24/19,1271.65,0.001693580149665,1273.81,1285.625
4/25/19,1280.8,0.007195376086187,1274.7,1283.405
4/26/19,1284.2,0.0026545908807,1276.37,1281.28
4/29/19,1279.5,-0.003659866064476,1277.13,1279.35
4/30/19,1282.3,0.002188354826104,1279.69,1278.15
5/1/19,1283.8,0.001169773064026,1282.12,1277.965
5/2/19,1270.95,-0.01000934725035,1280.15,1277.425
5/3/19,1278.55,0.005979778905543,1279.02,1277.695
5/7/19,1281.2,0.00207266043565,1279.36,1278.245
5/8/19,1285.2,0.00312207305651,1279.94,1279.815
5/9/19,1286.1,0.000700280112045,1280.4,1281.26
5/10/19,1287.1,0.000777544514423,1283.63,1281.89
5/13/19,1295.6,0.006603993473701,1287.04,1283.03
5/14/19,1298.4,0.002161160852115,1290.48,1284.92
5/15/19,1299.1,0.000539125077018,1293.26,1286.6
5/16/19,1291.7,-0.005696251250866,1294.38,1287.39
5/17/19,1280.8,-0.008438491909886,1293.12,1288.375
5/20/19,1276.85,-0.003084009993754,1289.37,1288.205
5/21/19,1271.15,-0.004464110897913,1283.92,1287.2
5/22/19,1273.8,0.002084726428824,1278.86,1286.06
5/23/19,1283.65,0.007732768095462,1277.25,1285.815
5/24/19,1282.5,-0.000895882834106,1277.59,1285.355
5/28/19,1278.3,-0.00327485380117,1277.88,1283.625
5/29/19,1281.65,0.002620668074787,1279.98,1281.95
5/30/19,1280.95,-0.000546170951508,1281.41,1280.135
5/31/19,1295.55,0.011397790702213,1283.79,1280.52
6/3/19,1317.1,0.016633862066304,1290.71,1284.15
6/4/19,1324.25,0.005428593121251,1299.9,1288.89
6/5/19,1335.05,0.008155559750802,1310.58,1295.28
6/6/19,1335.5,0.00033706602749,1321.49,1301.45
6/7/19,1340.65,0.003856233620367,1330.51,1307.15
6/10/19,1328.6,-0.008988177376646,1332.81,1311.76
6/11/19,1324.3,-0.003236489537859,1332.82,1316.36
6/12/19,1332.35,0.006078683077852,1332.28,1321.43
6/13/19,1335.9,0.002664465042969,1332.36,1326.925
6/14/19,1351.25,0.011490381016543,1334.48,1332.495
6/17/19,1341.3,-0.00736355226642,1337.02,1334.915
6/18/19,1341.35,3.72772683217004E-05,1340.43,1336.625
6/19/19,1344.05,0.002012897454057,1342.77,1337.525
6/20/19,1379.5,0.026375506863584,1351.49,1341.925
6/21/19,1397.15,0.012794490757521,1360.67,1347.575
6/24/19,1405.7,0.006119600615539,1373.55,1355.285
6/25/19,1431.4,0.018282706125062,1391.56,1365.995
6/26/19,1403.95,-0.019177029481626,1403.54,1373.155
6/27/19,1402.5,-0.001032800313401,1408.14,1379.815
6/28/19,1409,0.004634581105169,1410.51,1385.59
7/1/19,1390.1,-0.013413768630234,1407.39,1390.47
7/2/19,1391.05,0.000683404071649,1399.32,1395.44
7/3/19,1413.5,0.016138887890443,1401.23,1402.385
7/4/19,1414.9,0.000990449239477,1403.71,1405.925
7/5/19,1388.65,-0.018552547883243,1399.64,1405.075
7/8/19,1400.1,0.008245418211932,1401.64,1404.515
7/9/19,1391.55,-0.00610670666381,1401.74,1400.53
7/10/19,1408.3,0.012036937228271,1400.7,1400.965
7/11/19,1413.75,0.003869914080807,1400.47,1402.09
7/12/19,1407.6,-0.004350132625995,1404.26,1401.95
7/15/19,1412.4,0.003410059676044,1406.72,1404.18
7/16/19,1409.85,-0.001805437553101,1410.38,1406.06
7/17/19,1410.35,0.000354647657552,1410.79,1405.745
7/18/19,1417.45,0.005034211365973,1411.53,1406
7/19/19,1439.7,0.0156972027232,1417.95,1411.105
7/22/19,1427.75,-0.008300340348684,1421.02,1413.87
7/23/19,1425.55,-0.001540886009455,1424.16,1417.27
7/24/19,1426.95,0.000982077093052,1427.48,1419.135
7/25/19,1416.1,-0.007603630120187,1427.21,1419.37
7/26/19,1420.4,0.003036508721136,1423.35,1420.65
7/29/19,1419.05,-0.000950436496762,1421.61,1421.315
7/30/19,1425.9,0.00482717310877,1421.68,1422.92
7/31/19,1427.55,0.001157163896486,1421.8,1424.64
8/1/19,1406.8,-0.014535392805856,1419.94,1423.575
8/2/19,1441.75,0.024843616718795,1424.21,1423.78
8/5/19,1465.25,0.016299635859199,1433.45,1427.53
8/6/19,1465.25,0,1441.32,1431.5
8/7/19,1506.05,0.027845077631803,1457.02,1439.41
8/8/19,1495.75,-0.006839082367783,1474.81,1447.375
8/9/19,1497.7,0.001303693799098,1486,1455.105
8/12/19,1504.7,0.004673833210924,1493.89,1463.67
8/13/19,1498.4,-0.004186881105868,1500.52,1470.92
8/14/19,1513.25,0.009910571276028,1501.96,1479.49
8/15/19,1515.65,0.001585990417975,1505.94,1490.375
8/16/19,1515.25,-0.000263913172566,1509.45,1497.725
8/19/19,1496.6,-0.012308199967002,1507.83,1500.86
8/20/19,1504.55,0.005312040625418,1509.06,1504.79
8/21/19,1503.25,-0.000864045727959,1507.06,1504.51
8/22/19,1502.05,-0.000798270414103,1504.34,1505.14
8/23/19,1503.8,0.001165074398322,1502.05,1505.75
8/27/19,1532.95,0.019384226625881,1509.32,1508.575
8/28/19,1537.15,0.00273981538863,1515.84,1512.45
8/29/19,1540.2,0.001984191523274,1523.23,1515.145
8/30/19,1528.4,-0.007661342682768,1528.5,1516.42
9/2/19,1525.95,-0.00160298351217,1532.93,1517.49
9/3/19,1537.85,0.007798420655985,1533.91,1521.615
9/4/19,1546.1,0.005364632441395,1535.7,1525.77
9/5/19,1529.1,-0.010995407800272,1533.48,1528.355
9/6/19,1523.7,-0.003531489111242,1532.54,1530.52
9/9/19,1509.2,-0.009516308984708,1529.19,1531.06
9/10/19,1498.25,-0.007255499602438,1521.27,1527.59
9/11/19,1490.65,-0.005072584682129,1510.18,1522.94
9/12/19,1515.2,0.016469325462047,1507.4,1520.44
9/13/19,1503.1,-0.007985744456178,1503.28,1517.91
9/16/19,1497.2,-0.0039252212095,1500.88,1515.035
9/17/19,1502.1,0.00327277584825,1501.65,1511.46
9/18/19,1503.5,0.000932028493443,1504.22,1507.2
9/19/19,1500.7,-0.001862321250416,1501.32,1504.36
9/20/19,1501.9,0.000799626840808,1501.08,1502.18
9/23/19,1522.1,0.013449630468074,1506.06,1503.47
9/24/19,1520.65,-0.000952631233165,1509.77,1505.71
9/25/19,1528.75,0.005326669516325,1514.82,1509.52
9/26/19,1506.4,-0.014619787408013,1515.96,1508.64
9/27/19,1489.9,-0.01095326606479,1513.56,1507.32
9/30/19,1485.3,-0.003087455533929,1506.2,1506.13
10/1/19,1473.45,-0.007978186225005,1496.76,1503.265
10/2/19,1492.6,0.012996708405443,1489.53,1502.175
10/3/19,1517.1,0.016414310598955,1491.67,1503.815
10/4/19,1499.15,-0.011831784325358,1493.52,1503.54
10/7/19,1501.25,0.001400793783144,1496.71,1501.455
10/8/19,1505.85,0.003064113238968,1503.19,1499.975
10/9/19,1507.25,0.000929707474184,1506.12,1497.825
10/10/19,1494.8,-0.008260076297894,1501.66,1496.665
10/11/19,1479.15,-0.010469628043885,1497.66,1495.59
10/14/19,1490.6,0.007740932292195,1495.53,1496.12
10/15/19,1487.8,-0.0018784382128,1491.92,1497.555
10/16/19,1485.1,-0.001814760048394,1487.49,1496.805
10/17/19,1492.65,0.005083832738536,1487.06,1494.36
10/18/19,1490,-0.00177536595987,1489.23,1493.445
10/21/19,1491.65,0.001107382550336,1489.44,1492.485
10/22/19,1485.35,-0.004223510877217,1488.95,1490.435
10/23/19,1494.45,0.006126502171206,1490.82,1489.155
10/24/19,1496.55,0.001405199237178,1491.6,1489.33
10/25/19,1513.45,0.011292639738064,1496.29,1492.76
10/28/19,1492.4,-0.013908619379563,1496.44,1492.94
10/29/19,1486.75,-0.003785848298044,1496.72,1492.835
10/30/19,1492.1,0.003598453001513,1496.25,1493.535
10/31/19,1510.95,0.012633201528048,1499.13,1495.365
11/1/19,1508.8,-0.001422945828783,1498.2,1497.245
11/4/19,1509.45,0.000430805938494,1501.61,1499.025
11/5/19,1488.95,-0.013581105700752,1502.05,1499.385
11/6/19,1486.05,-0.001947681251889,1500.84,1498.545
11/7/19,1484.25,-0.001211264762289,1495.5,1497.315
11/8/19,1464.15,-0.013542193026781,1486.57,1492.385
11/11/19,1458.7,-0.00372229621282,1476.42,1489.015
11/12/19,1452.05,-0.004558853773908,1469.04,1485.545
11/13/19,1462.9,0.007472194483661,1464.41,1482.625
11/14/19,1466.65,0.002563401462848,1460.89,1478.195
11/15/19,1466.9,0.00017045648246,1461.44,1474.005
11/18/19,1467.65,0.000511282295998,1463.23,1469.825
11/19/19,1468.45,0.000545089087998,1466.51,1467.775
11/20/19,1471.7,0.002213218019,1468.27,1466.34
11/21/19,1467.05,-0.003159611333832,1468.35,1464.62
11/22/19,1464.45,-0.001772264067346,1467.86,1464.65
11/25/19,1458.4,-0.00413124381167,1466.01,1464.62
11/26/19,1454.65,-0.002571311025782,1463.25,1464.88
11/27/19,1454.35,-0.000206235176847,1459.78,1464.025
11/28/19,1454.65,0.000206277718569,1457.3,1462.825
11/29/19,1460.15,0.003780978242189,1456.44,1462.15
12/2/19,1461.15,0.000684861144403,1456.99,1461.5
12/3/19,1477.3,0.011052937754508,1461.52,1462.385
12/4/19,1475.1,-0.001489203276247,1465.67,1462.725
12/5/19,1475.95,0.000576232119856,1469.93,1463.615
12/6/19,1459.65,-0.011043734543853,1469.83,1463.135
12/9/19,1461.7,0.001404446271366,1469.94,1463.465
12/10/19,1464.95,0.002223438462065,1467.47,1464.495
12/11/19,1466.8,0.001262841735213,1465.81,1465.74
12/12/19,1467.8,0.000681756203981,1464.18,1467.055
12/13/19,1466.6,-0.000817550074942,1465.57,1467.7
12/16/19,1477.9,0.007704895677076,1468.81,1469.375
12/17/19,1475.8,-0.00142093511063,1470.98,1469.225
12/18/19,1474.05,-0.001185797533541,1472.43,1469.12
12/19/19,1476.7,0.001797768054001,1474.21,1469.195
12/20/19,1479,0.001557526918128,1476.69,1471.13
12/23/19,1482.1,0.00209601081812,1477.53,1473.17
12/27/19,1511.5,0.019836718170164,1484.67,1477.825
12/30/19,1514.75,0.002150181938472,1492.81,1482.62
1/2/20,1527.1,0.008153160587556,1502.89,1488.55
1/3/20,1548.75,0.014177198611748,1516.84,1496.765
1/6/20,1573.1,0.015722356739306,1535.04,1506.285
1/7/20,1567.85,-0.003337359354141,1546.31,1515.49
1/8/20,1571.95,0.002615046082215,1557.75,1525.28
1/9/20,1550.75,-0.013486434046885,1562.48,1532.685
1/10/20,1553.6,0.001837820409479,1563.45,1540.145
1/13/20,1549.9,-0.002381565396498,1558.81,1546.925
1/14/20,1545.1,-0.003096973998323,1554.26,1550.285
1/15/20,1549,0.002524108471944,1549.67,1553.71
1/16/20,1554.55,0.003582956746288,1550.43,1556.455
1/17/20,1557.6,0.001961982567303,1551.23,1557.34
1/20/20,1560.15,0.001637134052388,1553.28,1556.045
1/21/20,1551.3,-0.005672531487357,1554.52,1554.39
1/22/20,1556.9,0.003609875588216,1556.1,1552.885
1/23/20,1562.9,0.003853812062432,1557.77,1554.1
1/24/20,1564.3,0.000895770682705,1559.11,1555.17
1/27/20,1580.1,0.010100364380234,1563.1,1558.19
1/28/20,1574,-0.003860515157268,1567.64,1561.08
1/29/20,1573.45,-0.000349428208386,1570.95,1563.525
1/30/20,1578.25,0.003050621246306,1574.02,1565.895
1/31/20,1584.2,0.003769998415967,1578,1568.555
2/3/20,1574.75,-0.005965155914657,1576.93,1570.015
2/4/20,1558.35,-0.010414351484363,1573.8,1570.72
2/5/20,1553.3,-0.003240607052331,1569.77,1570.36
2/6/20,1563.3,0.006437906392841,1566.78,1570.4
2/7/20,1572.65,0.005980937759867,1564.47,1571.235
2/10/20,1573.2,0.000349728165835,1564.16,1570.545
2/11/20,1570.5,-0.001716247139588,1566.59,1570.195
2/12/20,1563.7,-0.004329831263929,1568.67,1569.22
2/13/20,1575.05,0.007258425529193,1571.02,1568.9
2/14/20,1581.4,0.004031618043872,1572.77,1568.62
2/17/20,1580.8,-0.000379410648792,1574.29,1569.225
2/18/20,1589.85,0.005724949392713,1578.16,1572.375
2/19/20,1604.2,0.009026008742963,1586.26,1577.465
2/20/20,1619,0.009225782321406,1595.05,1583.035
2/21/20,1643.3,0.015009264978382,1607.43,1590.1
2/24/20,1671.65,0.017251871234711,1625.6,1599.945
2/25/20,1650.3,-0.012771812281279,1637.69,1607.925
2/26/20,1634.9,-0.00933163667212,1643.83,1615.045
2/27/20,1652,0.010459355312251,1650.43,1622.74
2/28/20,1609.85,-0.025514527845036,1643.74,1625.585
3/2/20,1599.65,-0.006335994036711,1629.34,1627.47
3/3/20,1615.5,0.009908417466321,1622.38,1630.035
3/4/20,1641.85,0.016310739709068,1623.77,1633.8
3/5/20,1659.6,0.010810975424064,1625.29,1637.86
3/6/20,1683.65,0.014491443721379,1640.05,1641.895
3/9/20,1672.5,-0.006622516556291,1654.62,1641.98
3/10/20,1655.7,-0.010044843049327,1662.66,1642.52
3/11/20,1653.75,-0.001177749592317,1665.04,1644.405
3/12/20,1570.7,-0.050219198790627,1647.26,1636.275
3/13/20,1562.8,-0.005029604634876,1623.09,1631.57
3/16/20,1487.7,-0.048054773483491,1586.13,1620.375
3/17/20,1536.2,0.03260065873496,1562.23,1612.445
3/18/20,1498.2,-0.024736362452806,1531.12,1598.08
3/19/20,1474.25,-0.01598584968629,1511.83,1579.545
3/20/20,1494.4,0.013667966762761,1498.15,1560.62
3/23/20,1525.4,0.020744111349036,1505.69,1545.91
3/24/20,1605.75,0.05267470827324,1519.6,1540.915
3/25/20,1605.45,-0.000186828584773,1541.05,1536.085
3/26/20,1634.8,0.018281478713133,1573.16,1542.495
3/27/20,1617.3,-0.010704673354539,1597.74,1547.945
3/30/20,1618.3,0.000618314474742,1616.32,1561.005
3/31/20,1608.95,-0.005777667923129,1616.96,1568.28
4/1/20,1576.55,-0.020137356661177,1611.18,1576.115
4/2/20,1616.8,0.025530430370112,1607.58,1590.37
4/3/20,1613.1,-0.002288471053934,1606.74,1602.24
4/6/20,1648.3,0.021821337796789,1612.74,1614.53
4/7/20,1649.25,0.000576351392344,1620.8,1618.88
4/8/20,1647.8,-0.000879187509474,1635.05,1623.115
4/9/20,1680.65,0.019935671804831,1647.82,1627.7
4/14/20,1741.9,0.036444232886086,1673.58,1640.16
4/15/20,1718.65,-0.013347494115621,1687.65,1650.195
4/16/20,1729.5,0.006313094580048,1703.7,1662.25
4/17/20,1692.55,-0.021364556230124,1712.65,1673.85
4/20/20,1686.2,-0.003751735546956,1713.76,1680.79
4/21/20,1682.05,-0.002461155260349,1701.79,1687.685
4/22/20,1710.55,0.016943610475313,1700.17,1693.91
4/23/20,1736.25,0.01502440735436,1701.52,1702.61
4/24/20,1715.9,-0.011720662347012,1706.19,1709.42
4/27/20,1714.95,-0.000553645317326,1711.94,1712.85
4/28/20,1691.55,-0.013644712673839,1713.84,1707.815
4/29/20,1703.35,0.00697585055127,1712.4,1706.285
4/30/20,1702.75,-0.000352247042593,1705.7,1703.61
5/1/20,1686.25,-0.009690207018059,1699.77,1702.98
5/4/20,1709.1,0.013550778354337,1698.6,1705.27
5/5/20,1699.55,-0.005587736235446,1700.2,1707.02
5/6/20,1691.5,-0.004736547909741,1697.83,1705.115
5/7/20,1704.05,0.007419450192137,1698.09,1701.895
5/11/20,1702.75,-0.000762888412899,1701.39,1700.58
5/12/20,1702.4,-0.000205549845838,1700.05,1699.325
5/13/20,1708.4,0.003524436090226,1701.82,1701.01
5/14/20,1731.6,0.013579957855303,1709.84,1703.835
5/15/20,1735.35,0.002165627165627,1716.1,1707.095
5/18/20,1734.7,-0.000374564208949,1722.49,1711.94
5/19/20,1737.95,0.001873522799331,1729.6,1714.825
5/20/20,1748.3,0.00595529215455,1737.58,1719.7
5/21/20,1724.9,-0.013384430589716,1736.24,1723.04
5/22/20,1733.55,0.005014783465708,1735.88,1725.99
5/26/20,1720.25,-0.007672117908338,1732.99,1727.74
5/27/20,1694.6,-0.014910623455893,1724.32,1726.96
5/28/20,1717.35,0.013424997049451,1718.13,1727.855
5/29/20,1728.7,0.006609019710601,1718.89,1727.565
6/1/20,1730.6,0.001099091803089,1718.3,1727.09
6/2/20,1742.15,0.006673985900844,1722.68,1727.835
6/3/20,1705.35,-0.021123324627616,1724.83,1724.575
6/4/20,1700.05,-0.003107866420383,1721.37,1719.75
6/5/20,1683.45,-0.009764418693568,1712.32,1715.605
6/8/20,1690.35,0.004098725830883,1704.27,1711.285
6/9/20,1713.5,0.013695388529003,1698.54,1710.61
6/10/20,1722.05,0.004989786985702,1701.88,1713.355
6/11/20,1738.25,0.009407392352139,1709.52,1715.445
6/12/20,1733.5,-0.002732633395657,1719.53,1715.925
6/15/20,1710.45,-0.013296798384771,1723.55,1713.91
6/16/20,1719.85,0.005495629805022,1724.82,1711.68
6/17/20,1724.35,0.00261650725354,1725.28,1713.58
6/18/20,1719.5,-0.002812654043553,1721.53,1715.525
6/19/20,1734.75,0.008868857225938,1721.78,1720.655
6/22/20,1761.85,0.015621847528462,1732.06,1727.805
6/23/20,1768.9,0.004001475721543,1741.87,1733.345
6/24/20,1766.05,-0.001611170784103,1750.21,1737.745
6/25/20,1756.55,-0.005379236148467,1757.62,1739.575
6/26/20,1747.6,-0.005095215052233,1760.19,1740.985
6/29/20,1771.6,0.013733119707027,1762.14,1747.1
6/30/20,1768.1,-0.001975615263039,1761.98,1751.925
7/1/20,1771.05,0.001668457666422,1762.98,1756.595
7/2/20,1777.45,0.003613675503233,1767.16,1762.39
7/3/20,1772.9,-0.002559846971785,1772.22,1766.205
7/6/20,1787.9,0.008460714084269,1775.48,1768.81
7/7/20,1789.55,0.000922870406622,1779.77,1770.875
7/8/20,1811.1,0.012042133497248,1787.78,1775.38
7/9/20,1812.1,0.000552150626691,1794.71,1780.935
7/10/20,1803.1,-0.004966613321561,1800.75,1786.485
7/13/20,1807.5,0.002440241805779,1804.67,1790.075
7/14/20,1801.9,-0.003098201936376,1807.14,1793.455
7/15/20,1804.6,0.001498418336201,1805.84,1796.81
7/16/20,1807.7,0.001717832206583,1804.96,1799.835
7/17/20,1807.35,-0.000193616197378,1805.81,1803.28
7/20/20,1815.65,0.004592358978615,1807.44,1806.055
7/21/20,1842.55,0.014815630765841,1815.57,1811.355
7/22/20,1852.4,0.00534585221568,1825.13,1815.485
7/23/20,1878.3,0.013981861369035,1839.25,1822.105
7/24/20,1902.1,0.012671032316456,1858.2,1832.005
7/27/20,1936.65,0.018164134377793,1882.4,1844.92
7/28/20,1940.9,0.002194511140371,1902.07,1858.82
7/29/20,1950.9,0.00515224895667,1921.77,1873.45
7/30/20,1957.65,0.003459941565431,1937.64,1888.445
7/31/20,1964.9,0.003703419916737,1950.2,1904.2
8/3/20,1958.55,-0.0032317166268,1954.58,1918.49
8/4/20,1977.9,0.009879757984223,1961.98,1932.025
8/5/20,2048.15,0.035517468021639,1981.43,1951.6
8/6/20,2067.15,0.009276664306813,2003.33,1970.485
8/7/20,2031.15,-0.017415281909876,2016.58,1983.39
8/10/20,2044.5,0.006572631268001,2033.77,1994.175
8/11/20,1939.65,-0.051283932501834,2026.12,1994.05
8/12/20,1931.9,-0.003995566210399,2002.87,1992.15
8/13/20,1944.25,0.006392670428076,1978.29,1990.81
8/14/20,1944.75,0.000257168574,1961.01,1988.795
8/17/20,1972.85,0.014449157989459,1946.68,1990.225
8/18/20,2008.75,0.018197024609068,1960.5,1993.31
8/19/20,1981,-0.013814561294337,1970.32,1986.595
8/20/20,1927.15,-0.027183240787481,1966.9,1972.595
8/21/20,1924.35,-0.001452922709701,1962.82,1961.915
8/24/20,1943.95,0.010185257359628,1957.04,1951.86
8/25/20,1911.15,-0.016872861956326,1937.52,1949.01
8/26/20,1932.95,0.011406744630197,1927.91,1949.115
8/27/20,1923.85,-0.004707830000776,1927.25,1947.075
8/28/20,1957.35,0.017412999974011,1933.85,1948.335
9/1/20,1972.35,0.007663422484482,1939.53,1948.285
9/2/20,1947.05,-0.012827337947119,1946.71,1942.115
9/3/20,1940.45,-0.003389743458052,1948.21,1938.06
9/4/20,1926.3,-0.007292122961169,1948.7,1937.975
9/7/20,1928.45,0.001116129367181,1942.92,1938.385
9/8/20,1910.95,-0.009074645440639,1930.64,1935.085
9/9/20,1947.2,0.018969622439101,1930.67,1938.69
9/10/20,1966.25,0.009783278553821,1935.83,1942.02
9/11/20,1947.4,-0.009586776859504,1940.05,1944.375
9/14/20,1958.7,0.005802608606347,1946.1,1944.51
9/15/20,1949.35,-0.004773574309491,1953.78,1942.21
9/16/20,1961.8,0.006386744299382,1956.7,1943.685
9/17/20,1936.25,-0.013023753695586,1950.7,1943.265
9/18/20,1950.85,0.007540348612008,1951.39,1945.72
9/21/20,1909.35,-0.021272778532435,1941.52,1943.81
9/22/20,1906,-0.001754523790819,1932.85,1943.315
9/23/20,1873.4,-0.01710388247639,1915.17,1935.935
9/24/20,1861.75,-0.006218639906053,1900.27,1925.485
9/25/20,1859.7,-0.001101114542769,1882.04,1916.715
9/28/20,1864.3,0.002473517233963,1873.03,1907.275
9/29/20,1883.95,0.010540149117631,1868.62,1900.735
9/30/20,1886.9,0.001565858966533,1871.32,1893.245
10/1/20,1902,0.008002543855,1879.37,1889.82
10/2/20,1903.05,0.000552050473186,1888.04,1885.04
10/5/20,1909.6,0.003441843356717,1897.1,1885.065
10/6/20,1913.4,0.001989945538333,1902.99,1885.805
10/7/20,1884.5,-0.015104003344831,1902.51,1886.915
10/8/20,1887.45,0.001565401963386,1899.6,1889.485
10/9/20,1923.25,0.018967389864632,1903.64,1895.84
10/12/20,1925.5,0.001169894709476,1906.82,1901.96
10/13/20,1891.3,-0.017761620358349,1902.4,1902.695
10/14/20,1910.05,0.00991381589383,1907.51,1905.01
10/15/20,1891.9,-0.009502369047931,1908.4,1904
10/16/20,1905.05,0.006950684497066,1904.76,1904.2
10/19/20,1905.6,0.000288706333167,1900.78,1903.8
10/20/20,1898.4,-0.003778337531486,1902.2,1902.3
10/21/20,1924.15,0.01356405394016,1905.02,1906.265
10/22/20,1900.95,-0.012057272042201,1906.83,1907.615
10/23/20,1903.65,0.001420342460349,1906.55,1905.655
10/26/20,1898.45,-0.002731594568329,1905.12,1902.95
10/27/20,1905.7,0.003818904896099,1906.58,1904.39
10/28/20,1869.95,-0.018759510940862,1895.74,1900.38
10/29/20,1870.3,0.000187170779967,1889.61,1898.22
10/30/20,1881.85,0.00617547986954,1885.25,1895.9
11/2/20,1889.9,0.004277705449425,1883.54,1894.33
11/3/20,1908.3,0.009735964865866,1884.06,1895.32
11/4/20,1900.15,-0.004270816957501,1890.1,1892.92
11/5/20,1938.45,0.020156303449728,1903.73,1896.67
11/6/20,1940.8,0.001212308803425,1915.52,1900.385
11/9/20,1867.3,-0.037870981038747,1911,1897.27
11/10/20,1878.7,0.0061050714936,1905.08,1894.57
11/11/20,1860.95,-0.009448022568798,1897.24,1893.67
11/12/20,1874.85,0.007469303312824,1884.52,1894.125
11/13/20,1890.9,0.008560684854789,1874.54,1895.03
11/16/20,1885.6,-0.002802898090856,1878.2,1894.6
11/17/20,1889.05,0.001829656342809,1880.27,1892.675
11/18/20,1876.1,-0.006855297636378,1883.3,1890.27
11/19/20,1857.35,-0.009994136773093,1879.8,1882.16
11/20/20,1875.7,0.009879667267882,1876.76,1875.65
11/23/20,1840.2,-0.01892626752679,1867.68,1872.94
11/24/20,1799.6,-0.022062819258776,1849.79,1865.03
11/25/20,1810.2,0.005890197821738,1836.61,1859.955
11/26/20,1807.4,-0.001546790409899,1826.62,1853.21
11/27/20,1779.3,-0.015547194865553,1807.34,1842.05
11/30/20,1762.55,-0.009413814421402,1791.81,1829.745
12/1/20,1810.75,0.027346741936399,1794.04,1821.915
12/2/20,1822.6,0.006544249620323,1796.52,1816.565
12/3/20,1832.35,0.005349500713267,1801.51,1814.065
12/4/20,1843,0.005812208366306,1814.25,1810.795
12/7/20,1859.95,0.009196961475855,1833.73,1812.77
12/8/20,1868.15,0.004408720664534,1845.21,1819.625
12/9/20,1841.75,-0.014131627545968,1849.04,1822.78
12/10/20,1844.35,0.001411700828017,1851.44,1826.475
12/11/20,1842,-0.001274161628758,1851.24,1832.745
12/14/20,1831.15,-0.005890336590662,1845.48,1839.605
12/15/20,1850.65,0.010649045681676,1841.98,1843.595
12/16/20,1851.95,0.000702455893875,1844.02,1846.53
12/17/20,1890.75,0.020950889602851,1853.3,1852.37
12/18/20,1879.75,-0.005817797170435,1860.85,1856.045
12/21/20,1880,0.000132996409097,1870.62,1858.05
12/22/20,1877.1,-0.001542553191489,1875.91,1858.945
12/23/20,1875,-0.001118747003356,1880.52,1862.27
12/29/20,1874.3,-0.000373333333333,1877.23,1865.265
12/30/20,1887.6,0.007095982500133,1878.8,1869.825
1/4/21,1943.2,0.029455393091757,1891.44,1881.03
1/5/21,1940.35,-0.001466652943598,1904.09,1890
1/6/21,1931.95,-0.004329115881155,1915.48,1898
1/7/21,1920.1,-0.006133699112296,1924.64,1900.935
1/8/21,1862.9,-0.029790115098172,1919.7,1899.25
1/11/21,1847.25,-0.008400880347845,1900.51,1895.975
1/12/21,1841.25,-0.003248071457572,1880.69,1892.39
1/13/21,1858.85,0.009558723693143,1866.07,1890.775
1/14/21,1841.75,-0.009199236086828,1850.4,1887.52
1/15/21,1839,-0.001493145106556,1845.62,1882.66
1/18/21,1833.05,-0.003235454051115,1842.78,1871.645
1/19/21,1834.7,0.000900139112408,1841.47,1861.08
1/20/21,1856.6,0.01193655638524,1841.02,1853.545
1/21/21,1862.1,0.002962404395131,1845.09,1847.745
1/22/21,1852.7,-0.005048064013748,1847.83,1846.725
1/25/21,1856.85,0.002239974091866,1852.59,1847.685
1/26/21,1856.6,-0.000134636615774,1856.97,1849.22
1/27/21,1843,-0.007325218140687,1854.25,1847.635
1/28/21,1853.7,0.005805751492132,1852.57,1848.83
1/29/21,1863.8,0.00544856233479,1854.79,1851.31
2/1/21,1862.95,-0.000456057516901,1856.01,1854.3
2/2/21,1833.1,-0.016022974314931,1851.31,1854.14
2/3/21,1835.45,0.00128198134308,1849.8,1852.025
2/4/21,1785.9,-0.026996104497535,1836.24,1844.405
2/5/21,1802.95,0.00954700711126,1824.07,1839.43
2/8/21,1835.25,0.017915083612968,1818.53,1837.27
2/9/21,1839.6,0.002370249284839,1819.83,1835.57
2/10/21,1842.65,0.001657969123723,1821.27,1835.535
2/11/21,1840.1,-0.00138387648224,1832.11,1834.175
2/12/21,1816.35,-0.012906907233303,1834.79,1829.43
2/15/21,1817.3,0.000523026949652,1831.2,1824.865
2/16/21,1794.25,-0.012683651571012,1822.13,1820.98
2/17/21,1780.7,-0.007551901908876,1809.74,1815.505
2/18/21,1773.15,-0.004239905655079,1796.35,1814.23
2/19/21,1786.2,0.007359783436258,1790.32,1812.555
2/22/21,1807.45,0.01189676408017,1788.35,1809.775
2/23/21,1799.65,-0.004315472073916,1789.43,1805.78
2/24/21,1788,-0.00647348095463,1790.89,1800.315
2/25/21,1779.65,-0.004670022371365,1792.19,1794.27
2/26/21,1742.85,-0.020678223246144,1783.52,1786.92
3/1/21,1734.15,-0.004991823736982,1768.86,1778.605
3/2/21,1723.85,-0.005939509269671,1753.7,1771.565
3/3/21,1711.4,-0.00722220610842,1738.38,1764.635
3/4/21,1712.1,0.000409021853453,1724.87,1758.53
3/5/21,1696.25,-0.009257636820279,1715.55,1749.535
3/8/21,1687.05,-0.005423728813559,1706.13,1737.495
3/9/21,1716.9,0.017693607184138,1704.74,1729.22
3/10/21,1716.2,-0.000407711573184,1705.7,1722.04
3/11/21,1724.25,0.00469059550169,1708.13,1716.5
3/12/21,1704.8,-0.011280266782659,1709.84,1712.695
3/15/21,1723.65,0.011057015485688,1717.16,1711.645
3/16/21,1735,0.006584863516375,1720.78,1712.76
3/17/21,1729.65,-0.003083573487032,1723.47,1714.585
3/18/21,1725.9,-0.002168068684416,1723.8,1715.965
3/19/21,1735.2,0.005388492960195,1729.88,1719.86
3/22/21,1736.15,0.000547487321346,1732.38,1724.77
3/23/21,1726.2,-0.005731071623996,1730.62,1725.7
3/24/21,1730.5,0.002491020739196,1730.79,1727.13
3/25/21,1737.3,0.003929500144467,1733.07,1728.435
3/26/21,1731.8,-0.00316583203822,1732.39,1731.135
3/29/21,1705.95,-0.014926665896755,1726.35,1729.365
3/30/21,1683.95,-0.012896040329435,1717.9,1724.26
3/31/21,1691.05,0.00421627720538,1710.01,1720.4
4/1/21,1726.05,0.020697199964519,1707.76,1720.415
4/6/21,1744.65,0.010776049361259,1710.33,1721.36
4/7/21,1738.05,-0.00378299372367,1716.75,1721.55
4/8/21,1755.5,0.010039987342136,1731.06,1724.48
4/9/21,1741.2,-0.008145827399601,1741.09,1725.55
4/12/21,1732.85,-0.004795543303469,1742.45,1725.105
4/13/21,1747.95,0.008713968318089,1743.11,1726.72
4/14/21,1735.55,-0.007094024428616,1742.61,1729.68
4/15/21,1757.2,0.012474431736337,1742.95,1737.005
4/16/21,1774.45,0.009816753926702,1749.6,1745.345
4/19/21,1774.5,2.81777452169063E-05,1757.93,1750.19
4/20/21,1777.85,0.00188785573401,1763.91,1753.51
4/21/21,1798.2,0.011446409989594,1776.44,1759.525
4/22/21,1787.75,-0.005811366922478,1782.55,1762.75
4/23/21,1781.8,-0.003328205845336,1784.02,1766.81
4/26/21,1773.35,-0.004742395330565,1783.79,1770.86
4/27/21,1784.15,0.006090168325486,1785.05,1774.48
4/28/21,1772.2,-0.006697867331783,1779.85,1778.145
4/29/21,1762.65,-0.00538878230448,1774.83,1778.69
4/30/21,1767.65,0.002836638016623,1772,1778.01
5/4/21,1797.75,0.017028257856476,1776.88,1780.335
5/5/21,1782.25,-0.008621888471701,1776.5,1780.775
5/6/21,1813.15,0.017337635011923,1784.69,1782.27
5/7/21,1836.55,0.012905716570609,1799.47,1787.15
5/10/21,1840.45,0.002123546867769,1814.03,1793.015
5/11/21,1829.1,-0.006166970034503,1820.3,1798.59
5/12/21,1830.7,0.000874747143404,1829.99,1803.245
5/13/21,1821.8,-0.004861528377124,1831.72,1808.205
5/14/21,1838.1,0.008947195081787,1832.03,1815.75
5/17/21,1853.7,0.008487024645014,1834.68,1824.355
5/18/21,1866.75,0.007039974105842,1842.21,1831.255
5/19/21,1888.45,0.011624481049953,1853.76,1841.875
5/20/21,1878.3,-0.005374778257301,1865.06,1848.39
5/21/21,1875.9,-0.001277751157962,1872.62,1852.325
5/24/21,1880.15,0.002265579188656,1877.91,1856.295
5/25/21,1887,0.003643326330346,1881.96,1862.085
5/26/21,1899.75,0.006756756756757,1884.22,1868.99
5/27/21,1891.45,-0.004368995920516,1886.85,1875.955
5/28/21,1899.95,0.004493906791086,1891.66,1882.14
6/1/21,1899.35,-0.000315797784152,1895.5,1886.705
6/2/21,1902.75,0.001790086082081,1898.65,1890.305
6/3/21,1866.55,-0.019025095256865,1892.01,1888.115
6/4/21,1890.6,0.012884733867295,1891.84,1889.345
6/7/21,1888.4,-0.001163651750767,1889.53,1890.595
6/8/21,1893.15,0.002515356915908,1888.29,1891.895
6/9/21,1894.6,0.000765919235137,1886.66,1892.655
6/10/21,1888.65,-0.003140504591998,1891.08,1891.545
6/11/21,1881.05,-0.00402403833426,1889.17,1890.505
6/14/21,1865.6,-0.008213497780495,1884.61,1887.07
6/15/21,1865.1,-0.000268010291595,1879,1883.645
6/16/21,1860.75,-0.0023323146212,1872.23,1879.445
6/17/21,1778.7,-0.044095122934301,1850.24,1870.66
6/18/21,1773.1,-0.003148366784731,1828.65,1858.91
6/21/21,1775.05,0.001099768766567,1810.54,1847.575
6/22/21,1775.05,0,1792.53,1835.765
6/23/21,1791.6,0.00932368102307,1778.7,1825.465
6/24/21,1784.85,-0.003767582049565,1779.93,1815.085
6/25/21,1786.65,0.001008488108244,1782.64,1805.645
6/28/21,1780.3,-0.003554137631881,1783.69,1797.115
6/29/21,1755.45,-0.013958321631186,1779.77,1786.15
6/30/21,1763.15,0.004386339684981,1774.08,1776.39
7/1/21,1781.5,0.010407509287355,1773.41,1776.67
7/2/21,1786.15,0.002610159977547,1773.31,1777.975
7/5/21,1791.35,0.002911289645327,1775.52,1779.605
7/6/21,1809.85,0.010327406704441,1786.4,1783.085
7/7/21,1804.65,-0.002873166284499,1794.7,1784.39
7/8/21,1807.7,0.001690078408556,1799.94,1786.675
7/9/21,1806,-0.000940421530121,1803.91,1788.61
7/12/21,1792.4,-0.007530454042082,1804.12,1789.82
7/13/21,1813.85,0.011967194822584,1804.92,1795.66
7/14/21,1823.2,0.005154781266367,1808.63,1801.665
7/15/21,1823.75,0.000301667397982,1811.84,1805.89
7/16/21,1824.3,0.000301576422207,1815.5,1809.705
7/19/21,1814.9,-0.005152661294743,1820,1812.06
7/20/21,1823.05,0.004490605543005,1821.84,1813.38
7/21/21,1802.15,-0.011464304325169,1817.63,1813.13
7/22/21,1799.45,-0.001498210470827,1812.77,1812.305
7/23/21,1799.6,8.33588040789479E-05,1807.83,1811.665
7/26/21,1800.2,0.000333407423872,1804.89,1812.445
7/27/21,1800.35,8.33240751025866E-05,1800.35,1811.095
7/28/21,1796.6,-0.002082928319493,1799.24,1808.435
7/29/21,1829.3,0.018201046421018,1805.21,1808.99
7/30/21,1825.75,-0.001940633029027,1810.44,1809.135
8/2/21,1811.45,-0.007832397644803,1812.69,1808.79
8/3/21,1812.65,0.000662452731237,1815.15,1807.75
8/4/21,1829.1,0.009075111025294,1821.65,1810.445
8/5/21,1800.75,-0.015499425947187,1815.94,1810.575
8/6/21,1762.9,-0.021019019852839,1803.37,1806.905
8/9/21,1738.85,-0.013642293947473,1788.85,1800.77
8/10/21,1723.35,-0.008913937372401,1770.99,1793.07
8/11/21,1743.6,0.011750369919053,1753.89,1787.77
8/12/21,1747.4,0.002179398944712,1743.22,1779.58
8/13/21,1773.85,0.015136774636603,1745.41,1774.39
8/16/21,1786.35,0.007046819065874,1754.91,1771.88
8/17/21,1789.45,0.001735382203935,1768.13,1769.56
8/18/21,1783.45,-0.003352985554221,1776.1,1764.995
8/19/21,1782.05,-0.000784995374134,1783.03,1763.125
8/20/21,1779.05,-0.001683454448528,1784.07,1764.74
8/23/21,1802,0.012900143334926,1787.2,1771.055
8/24/21,1808.45,0.00357935627081,1791,1779.565
8/25/21,1788.7,-0.010920954408471,1792.05,1784.075
8/26/21,1786.6,-0.001174037010119,1792.96,1787.995
8/27/21,1798.5,0.006660696294638,1796.85,1790.46
8/31/21,1814.85,0.009090909090909,1799.42,1793.31
9/1/21,1811.8,-0.001680579662231,1800.09,1795.545
9/2/21,1812.55,0.000413952974942,1804.86,1798.455
9/3/21,1823.7,0.006151554439878,1812.28,1802.62
9/6/21,1821.6,-0.001151505181773,1816.9,1806.875
9/7/21,1802.15,-0.010677426438296,1814.36,1806.89
9/8/21,1786,-0.008961518186611,1809.2,1804.645
9/9/21,1788.25,0.001259798432251,1804.34,1804.6
9/10/21,1794.6,0.003550957640151,1798.52,1805.4
